{"cameraMode":{"drawMode":0,"name":"Shaded","section":"Shading Mode"},"sceneLighting":true,"audioPlay":false,"sceneViewState":{"showFog":true,"showMaterialUpdate":false,"showSkybox":true,"showFlares":true,"showImageEffects":true,"showParticleSystems":true},"in2DMode":false,"pivot":{"x":-0.3095874488353729,"y":0.3154469132423401,"z":10.262622833251954},"rotation":{"x":-0.022087356075644494,"y":0.9530860781669617,"z":-0.2940938174724579,"w":-0.0711744949221611},"size":6.9430060386657719,"orthographic":false}