{"cameraMode":{"drawMode":0,"name":"Shaded","section":"Shading Mode"},"sceneLighting":true,"audioPlay":false,"sceneViewState":{"showFog":true,"showMaterialUpdate":false,"showSkybox":true,"showFlares":true,"showImageEffects":true,"showParticleSystems":true},"in2DMode":false,"pivot":{"x":0.12999999523162843,"y":0.7599999904632568,"z":-1.237130045890808},"rotation":{"x":0.09644939750432968,"y":-0.07544800639152527,"z":0.006757668219506741,"w":0.9927317500114441},"size":1.805309772491455,"orthographic":false}