{"cameraMode":{"drawMode":0,"name":"Shaded","section":"Shading Mode"},"sceneLighting":true,"audioPlay":false,"sceneViewState":{"showFog":true,"showMaterialUpdate":false,"showSkybox":true,"showFlares":true,"showImageEffects":true,"showParticleSystems":true},"in2DMode":false,"pivot":{"x":-1.509198784828186,"y":-0.15500004589557649,"z":0.24959604442119599},"rotation":{"x":-0.2260955423116684,"y":-0.1341397911310196,"z":0.03192894533276558,"w":-0.9645680785179138},"size":2366.56591796875,"orthographic":false}