{"cameraMode":{"drawMode":0,"name":"Shaded","section":"Shading Mode"},"sceneLighting":false,"audioPlay":false,"sceneViewState":{"showFog":true,"showMaterialUpdate":false,"showSkybox":false,"showFlares":true,"showImageEffects":true,"showParticleSystems":true},"in2DMode":false,"pivot":{"x":-1.47813880443573,"y":-0.12750814855098725,"z":-1.2976447343826295},"rotation":{"x":-0.22461506724357606,"y":0.7749805450439453,"z":-0.43177852034568789,"w":-0.403170645236969},"size":4.027044773101807,"orthographic":false}