{"cameraMode":{"drawMode":0,"name":"Shaded","section":"Shading Mode"},"sceneLighting":true,"audioPlay":false,"sceneViewState":{"showFog":true,"showMaterialUpdate":false,"showSkybox":true,"showFlares":true,"showImageEffects":true,"showParticleSystems":true},"in2DMode":false,"pivot":{"x":-1.4431706666946412,"y":0.8786857724189758,"z":1.8605961799621583},"rotation":{"x":0.014607188291847706,"y":0.746114194393158,"z":0.016708415001630784,"w":-0.6656251549720764},"size":4.656622409820557,"orthographic":false}