{"cameraMode":{"drawMode":0,"name":"Shaded","section":"Shading Mode"},"sceneLighting":true,"audioPlay":false,"sceneViewState":{"showFog":true,"showMaterialUpdate":false,"showSkybox":true,"showFlares":true,"showImageEffects":true,"showParticleSystems":true},"in2DMode":false,"pivot":{"x":-4.650642395019531,"y":0.8015049695968628,"z":-0.4791262149810791},"rotation":{"x":-0.06892207264900208,"y":0.880560040473938,"z":-0.1346273571252823,"w":-0.44941508769989016},"size":5.556460380554199,"orthographic":false}