{"cameraMode":{"drawMode":0,"name":"Shaded","section":"Shading Mode"},"sceneLighting":true,"audioPlay":false,"sceneViewState":{"showFog":true,"showMaterialUpdate":false,"showSkybox":true,"showFlares":true,"showImageEffects":true,"showParticleSystems":true},"in2DMode":false,"pivot":{"x":0.4708709120750427,"y":2.774897813796997,"z":-1.753499984741211},"rotation":{"x":0.016728371381759645,"y":0.0991358831524849,"z":-0.0016493686707690359,"w":0.9949519038200378},"size":4.423994064331055,"orthographic":false}