{"cameraMode":{"drawMode":0,"name":"Shaded","section":"Shading Mode"},"sceneLighting":true,"audioPlay":false,"sceneViewState":{"showFog":true,"showMaterialUpdate":false,"showSkybox":true,"showFlares":true,"showImageEffects":true,"showParticleSystems":true},"in2DMode":false,"pivot":{"x":1.361572027206421,"y":0.9964041709899902,"z":-0.5821146368980408},"rotation":{"x":0.008303649723529816,"y":-0.9808837175369263,"z":0.19097979366779328,"w":0.041186053305864337},"size":8.571818351745606,"orthographic":false}