{"cameraMode":{"drawMode":0,"name":"Shaded","section":"Shading Mode"},"sceneLighting":true,"audioPlay":false,"sceneViewState":{"showFog":true,"showMaterialUpdate":false,"showSkybox":true,"showFlares":true,"showImageEffects":true,"showParticleSystems":true},"in2DMode":false,"pivot":{"x":-2.1770567893981935,"y":0.8351938128471375,"z":-1.3950754404067994},"rotation":{"x":0.23786808550357819,"y":-0.11334738880395889,"z":0.027746036648750306,"w":0.964356005191803},"size":4.435443878173828,"orthographic":false}