{"cameraMode":{"drawMode":0,"name":"Shaded","section":"Shading Mode"},"sceneLighting":false,"audioPlay":false,"sceneViewState":{"showFog":true,"showMaterialUpdate":false,"showSkybox":false,"showFlares":true,"showImageEffects":true,"showParticleSystems":true},"in2DMode":false,"pivot":{"x":-3.140000104904175,"y":0.009999999776482582,"z":0.0},"rotation":{"x":-0.20413579046726228,"y":0.5923893451690674,"z":-0.15837080776691438,"w":-0.7631986141204834},"size":6.8812127113342289,"orthographic":false}