{"cameraMode":{"drawMode":0,"name":"Shaded","section":"Shading Mode"},"sceneLighting":true,"audioPlay":false,"sceneViewState":{"showFog":true,"showMaterialUpdate":false,"showSkybox":true,"showFlares":true,"showImageEffects":true,"showParticleSystems":true},"in2DMode":false,"pivot":{"x":-0.2687719166278839,"y":0.012375062331557274,"z":0.2074497938156128},"rotation":{"x":0.16505727171897889,"y":0.30230894684791567,"z":-0.05323347821831703,"w":0.9373066425323486},"size":4.652378082275391,"orthographic":false}